<?xml version="1.0" encoding="UTF-8"?>
<project-private xmlns="http://www.netbeans.org/ns/project-private/1">
    <editor-bookmarks xmlns="http://www.netbeans.org/ns/editor-bookmarks/2" lastBookmarkId="0"/>
    <open-files xmlns="http://www.netbeans.org/ns/projectui-open-files/2">
        <group>
            <file>file:/C:/Users/Sindhu/Documents/AED/finalproject/EcoSystem%20(1)/EcoSystem/src/Business/Organization/WelfareOrganization.java</file>
            <file>file:/C:/Users/Sindhu/Documents/AED/finalproject/EcoSystem%20(1)/EcoSystem/src/Business/Enterprise/WelfareEnterprise.java</file>
            <file>file:/C:/Users/Sindhu/Documents/AED/finalproject/EcoSystem%20(1)/EcoSystem/src/Business/EcoSystem.java</file>
            <file>file:/C:/Users/Sindhu/Documents/AED/finalproject/EcoSystem%20(1)/EcoSystem/src/Business/Organization/Organization.java</file>
            <file>file:/C:/Users/Sindhu/Documents/AED/finalproject/EcoSystem%20(1)/EcoSystem/src/userinterface/WelfareAdmin/ManageWelfareOrganizationJPanel.java</file>
            <file>file:/C:/Users/Sindhu/Documents/AED/finalproject/EcoSystem%20(1)/EcoSystem/src/userinterface/SystemAdminWorkArea/SystemAdminWorkAreaJPanel.java</file>
            <file>file:/C:/Users/Sindhu/Documents/AED/finalproject/EcoSystem%20(1)/EcoSystem/src/userinterface/WelfareAdmin/WelfareAdminWorkAreaPanel.java</file>
            <file>file:/C:/Users/Sindhu/Documents/AED/finalproject/EcoSystem%20(1)/EcoSystem/src/Business/Logger.java</file>
            <file>file:/C:/Users/Sindhu/Documents/AED/finalproject/EcoSystem%20(1)/EcoSystem/src/userinterface/SystemAdminWorkArea/ManageEnterpriseAdminJPanel.java</file>
            <file>file:/C:/Users/Sindhu/Documents/AED/finalproject/EcoSystem%20(1)/EcoSystem/src/Business/Organization/WelfareAdminOrganization.java</file>
            <file>file:/C:/Users/Sindhu/Documents/AED/finalproject/EcoSystem%20(1)/EcoSystem/src/Business/Organization/BeneficiaryOrganization.java</file>
            <file>file:/C:/Users/Sindhu/Documents/AED/finalproject/EcoSystem%20(1)/EcoSystem/src/Business/Organization/WelfareOrganizationDirectory.java</file>
            <file>file:/C:/Users/Sindhu/Documents/AED/finalproject/EcoSystem%20(1)/EcoSystem/src/userinterface/WelfareAdmin/ManageWelfareUserAccountJPanel.java</file>
            <file>file:/C:/Users/Sindhu/Documents/AED/finalproject/EcoSystem%20(1)/EcoSystem/src/userinterface/ContributorRole/ContributorWorkAreaPanel.java</file>
            <file>file:/C:/Users/Sindhu/Documents/AED/finalproject/EcoSystem%20(1)/EcoSystem/src/Business/ConfigureASystem.java</file>
            <file>file:/C:/Users/Sindhu/Documents/AED/finalproject/EcoSystem%20(1)/EcoSystem/src/Business/Organization/AdminOrganization.java</file>
            <file>file:/C:/Users/Sindhu/Documents/AED/finalproject/EcoSystem%20(1)/EcoSystem/src/userinterface/SystemAdminWorkArea/ManageEnterpriseJPanel.java</file>
            <file>file:/C:/Users/Sindhu/Documents/AED/finalproject/EcoSystem%20(1)/EcoSystem/src/userinterface/SystemAdminWorkArea/ManageNetworkJPanel.java</file>
            <file>file:/C:/Users/Sindhu/Documents/AED/finalproject/EcoSystem%20(1)/EcoSystem/src/Business/DB4OUtil/DB4OUtil.java</file>
            <file>file:/C:/Users/Sindhu/Documents/AED/finalproject/EcoSystem%20(1)/EcoSystem/src/Business/Organization/ContributionOrganization.java</file>
            <file>file:/C:/Users/Sindhu/Documents/AED/finalproject/EcoSystem%20(1)/EcoSystem/src/userinterface/EventManagerWorkArea/EventManagerWorkAreaPanel.java</file>
            <file>file:/C:/Users/Sindhu/Documents/AED/finalproject/EcoSystem%20(1)/EcoSystem/src/userinterface/MainJFrame.java</file>
            <file>file:/C:/Users/Sindhu/Documents/AED/finalproject/EcoSystem%20(1)/EcoSystem/src/userinterface/WelfareAdmin/ManageWelfareEmployeeJPanel.java</file>
            <file>file:/C:/Users/Sindhu/Documents/AED/finalproject/EcoSystem%20(1)/EcoSystem/src/userinterface/WelfareAdmin/ManageBeneficiaryPanel.java</file>
        </group>
    </open-files>
</project-private>
